title,pubDate,link
"La polio a disparu des Philippines, annonce l’OMS","Fri, 11 Jun 2021 13:55:09 +0200",https://www.lemonde.fr/planete/article/2021/06/11/la-polio-a-disparu-des-philippines-annonce-l-oms_6083746_3244.html
"L’Euro de football débute ce soir : découvrez notre guide interactif pour tout savoir sur les 24 équipes, les joueurs et le calendrier des matchs","Sat, 05 Jun 2021 06:00:12 +0200",https://www.lemonde.fr/sport/article/2021/06/05/euro-2021-le-guide-des-24-equipes_6082949_3242.html
"A l’Assemblée nationale, comment une « seconde délibération » a fait adopter un amendement de La France insoumise","Fri, 11 Jun 2021 12:19:54 +0200",https://www.lemonde.fr/blog/cuisines-assemblee/2021/06/11/une-seconde-deliberation-insoumise-par-les-deputes/
"A Paris, Anne Hidalgo obligée de faire le tri parmi ses projets d’investissement","Fri, 11 Jun 2021 12:00:16 +0200",https://www.lemonde.fr/politique/article/2021/06/11/a-paris-anne-hidalgo-obligee-de-faire-le-tri-parmi-ses-projets-d-investissement_6083730_823448.html
La Chine veut contrer les sanctions occidentales,"Fri, 11 Jun 2021 11:24:19 +0200",https://www.lemonde.fr/international/article/2021/06/11/la-chine-veut-contrer-les-sanctions-occidentales_6083723_3210.html
Le bilan très incertain de huit ans de guerre au Sahel,"Fri, 11 Jun 2021 11:05:40 +0200",https://www.lemonde.fr/afrique/article/2021/06/11/le-bilan-tres-incertain-de-huit-ans-de-guerre-au-sahel_6083720_3212.html
"OTAN, Chine, Covid : les subtils démarquages d’Emmanuel Macron vis-à-vis de Joe Biden avant le sommet du G7","Fri, 11 Jun 2021 05:40:59 +0200",https://www.lemonde.fr/international/article/2021/06/11/les-subtils-demarquages-d-emmanuel-macron-par-rapport-a-joe-biden_6083675_3210.html
"Au Mali, des réactions contrastées à la fin de l’opération « Barkhane »","Fri, 11 Jun 2021 10:56:17 +0200",https://www.lemonde.fr/afrique/article/2021/06/11/au-mali-des-reactions-contrastees-a-la-fin-de-l-operation-barkhane_6083717_3212.html
Droits télévisuels de la Ligue 1 : l’Autorité de la concurrence rejette la plainte de Canal+,"Fri, 11 Jun 2021 10:53:19 +0200",https://www.lemonde.fr/actualite-medias/article/2021/06/11/droits-televisuels-de-la-ligue-1-l-autorite-de-la-concurrence-rejette-la-plainte-de-canal_6083716_3236.html
"Aux Etats-Unis, des données de parlementaires démocrates saisies auprès d’Apple sous Trump","Fri, 11 Jun 2021 10:45:54 +0200",https://www.lemonde.fr/international/article/2021/06/11/aux-etats-unis-des-donnees-de-parlementaires-democrates-saisies-aupres-d-apple-sous-trump_6083714_3210.html
Assurance-chômage : la réforme passée au tamis du Conseil d’Etat,"Fri, 11 Jun 2021 09:49:06 +0200",https://www.lemonde.fr/politique/article/2021/06/11/assurance-chomage-la-reforme-passee-au-tamis-du-conseil-d-etat_6083708_823448.html
"Euro 2021 : attaque, palmarès, expérience… comparez les 24 équipes en un coup d’œil","Fri, 11 Jun 2021 09:06:45 +0200",https://www.lemonde.fr/les-decodeurs/article/2021/06/11/euro-2021-attaque-palmares-experience-comparez-les-24-equipes-en-un-coup-d-il_6083699_4355770.html
"A Paris, la droite saisit le préfet pour un contrôle approfondi des comptes de la Ville","Fri, 11 Jun 2021 08:00:07 +0200",https://www.lemonde.fr/politique/article/2021/06/11/a-paris-la-droite-saisit-le-prefet-pour-un-controle-approfondi-des-comptes-de-la-ville_6083692_823448.html
"Entre bulles sanitaires et jauges limitées dans les stades, un Euro en mode Covid","Fri, 11 Jun 2021 07:00:12 +0200",https://www.lemonde.fr/football/article/2021/06/11/entre-bulles-sanitaires-et-jauges-limitees-dans-les-stades-un-euro-en-mode-covid_6083688_1616938.html
Euro 2021 : la France et le rêve raisonnable d’un troisième titre,"Fri, 11 Jun 2021 06:30:15 +0200",https://www.lemonde.fr/sport/article/2021/06/11/euro-2021-la-france-et-le-reve-raisonnable-d-un-troisieme-titre_6083684_3242.html
"Au Pérou, toujours pas de vainqueur officiel, mais Pedro Castillo se rapproche de la victoire","Fri, 11 Jun 2021 06:18:23 +0200",https://www.lemonde.fr/international/article/2021/06/11/au-perou-toujours-pas-de-vainqueur-officiel-mais-pedro-castillo-se-rapproche-de-la-victoire_6083682_3210.html
"Pourquoi Jeff Bezos, le fondateur d’Amazon, rêve d’envoyer l’humanité vivre dans l’espace","Fri, 11 Jun 2021 05:48:08 +0200",https://www.lemonde.fr/economie/article/2021/06/11/jeff-bezos-reve-d-envoyer-l-humanite-dans-l-espace_6083678_3234.html
"Euro 2021 : ouverture du bal, maillot de la discorde et déminage","Fri, 11 Jun 2021 05:45:01 +0200",https://www.lemonde.fr/football/article/2021/06/11/euro-2021-ouverture-du-bal-maillot-de-la-discorde-et-deminage_6083677_1616938.html
"Aux Inrocks Festival, La Femme, Catastrophe et Altin Gün ont permis de regoûter à la vie d’avant","Fri, 11 Jun 2021 05:42:06 +0200",https://www.lemonde.fr/culture/article/2021/06/11/aux-inrocks-festival-la-femme-catastrophe-et-altin-gun-ont-permis-de-regouter-a-la-vie-d-avant_6083676_3246.html
"« Une leçon pour tous les pervers misogynes » : Maddie Groves, médaillée olympique de natation, refuse d’aller aux JO de Tokyo","Fri, 11 Jun 2021 05:25:33 +0200",https://www.lemonde.fr/sport/article/2021/06/11/une-lecon-pour-tous-les-pervers-misogynes-maddie-groves-medaillee-olympique-de-natation-refuse-d-aller-aux-jo-de-tokyo_6083673_3242.html
"MindGeek, le géant méconnu derrière Pornhub et YouPorn","Fri, 11 Jun 2021 05:00:02 +0200",https://www.lemonde.fr/podcasts/article/2021/06/11/mindgeek-le-geant-meconnu-derriere-pornhub-et-youporn_6083670_5463015.html
Des milliers de personnes dans le noir à Porto Rico à la suite d’une cyberattaque et d’un incendie,"Fri, 11 Jun 2021 04:26:29 +0200",https://www.lemonde.fr/international/article/2021/06/11/des-milliers-de-personnes-dans-le-noir-a-porto-rico-apres-une-cyberattaque-et-un-incendie_6083668_3210.html
Joe Biden et Boris Johnson mettent en sourdine leur différend sur l’Irlande du Nord,"Fri, 11 Jun 2021 04:04:17 +0200",https://www.lemonde.fr/international/article/2021/06/11/joe-biden-et-boris-johnson-mettent-en-sourdine-leur-differend-sur-l-irlande-du-nord_6083667_3210.html
L’éditeur de jeux vidéo Electronic Arts victime de cybercriminels,"Fri, 11 Jun 2021 02:56:08 +0200",https://www.lemonde.fr/pixels/article/2021/06/11/l-editeur-de-jeux-video-electronic-arts-victime-de-cybercriminels_6083663_4408996.html
"« Elden Ring », « Metal Slug Tactics », « Planet of Lana » : les annonces du Summer Game Fest","Fri, 11 Jun 2021 01:12:06 +0200",https://www.lemonde.fr/pixels/article/2021/06/11/elden-ring-metal-slug-tactics-planet-of-lana-les-annonces-du-summer-game-fest_6083658_4408996.html
Copa America 2021 : la Cour suprême brésilienne donne son feu vert à la tenue de la compétition,"Thu, 10 Jun 2021 23:44:38 +0200",https://www.lemonde.fr/sport/article/2021/06/10/copa-america-2021-la-cour-supreme-bresilienne-donne-son-feu-vert-a-la-tenue-de-la-competition_6083657_3242.html
Joe Biden restaure l’image des Etats-Unis à l’étranger sans effacer les doutes sur le modèle démocratique américain,"Thu, 10 Jun 2021 23:00:35 +0200",https://www.lemonde.fr/international/article/2021/06/10/joe-biden-restaure-l-image-des-etats-unis-a-l-etranger-sans-effacer-les-doutes-sur-le-modele-democratique-americain_6083656_3210.html
"Algérie : Karim Tabbou et Ihsane El Kadi, deux figures de la contestation arrêtées à deux jours des élections","Thu, 10 Jun 2021 22:59:25 +0200",https://www.lemonde.fr/afrique/article/2021/06/10/algerie-karim-tabbou-et-ihsane-el-kadi-deux-figures-de-la-contestation-arretees-a-deux-jours-des-elections_6083655_3212.html
"Au procès de l’homme qui a giflé Emmanuel Macron, les motivations incertaines d’un prévenu inconnu de la justice","Thu, 10 Jun 2021 22:50:04 +0200",https://www.lemonde.fr/police-justice/article/2021/06/10/au-proces-de-l-homme-qui-a-gifle-emmanuel-macron-les-motivations-incertaines-d-un-prevenu-inconnu-de-la-justice_6083654_1653578.html
"« Ni bradés, ni soumis » : les psychologues et les psychothérapeutes manifestent contre la « précarisation » de leur métier","Thu, 10 Jun 2021 22:15:54 +0200",https://www.lemonde.fr/societe/article/2021/06/10/ni-brades-ni-soumis-les-psychologues-et-les-psychotherapeutes-manifestent-contre-la-precarisation-de-leur-metier_6083652_3224.html
"Euro 2021 : Kylian Mbappé, une histoire de la France et de la banlieue","Thu, 10 Jun 2021 18:00:14 +0200",https://www.lemonde.fr/football/article/2021/06/10/euro-2021-mbappe-l-omnipresent-kylian-de-bondy_6083634_1616938.html
"La Tchèque Barbora Krejcikova jouera samedi sa première finale de Grand Chelem. La 33e joueuse mondiale s’est qualifiée en éliminant la Grecque Maria Sakkari (7-5, 4-6, 9-7).","Thu, 10 Jun 2021 17:00:50 +0200",https://www.lemonde.fr/tennis/article/2021/06/10/roland-garros-premiere-finale-de-grand-chelem-pour-anastasia-pavlyuchenkova_6083628_1616659.html
"Malgré les dissensions internes, la BCE maintient son soutien monétaire","Thu, 10 Jun 2021 21:14:08 +0200",https://www.lemonde.fr/economie/article/2021/06/10/malgre-les-dissensions-internes-la-bce-maintient-son-soutien-monetaire_6083650_3234.html
"Barkhane, dons de vaccins, haine en ligne : les points essentiels de la conférence de presse d’Emmanuel Macron","Thu, 10 Jun 2021 20:44:37 +0200",https://www.lemonde.fr/international/article/2021/06/10/fin-de-l-operation-barkhane-dons-de-vaccins-haine-en-ligne-les-points-essentiels-de-la-conference-de-presse-d-emmanuel-macron_6083647_3210.html
"Le G7, un sommet sous haute surveillance sanitaire","Thu, 10 Jun 2021 20:27:20 +0200",https://www.lemonde.fr/international/article/2021/06/10/le-g7-un-sommet-sous-haute-surveillance-sanitaire_6083646_3210.html
"Assurance : entre SCOR et Covéa, la fin d’une guerre fratricide de près de trois ans","Thu, 10 Jun 2021 19:40:50 +0200",https://www.lemonde.fr/economie/article/2021/06/10/covea-contraint-de-se-desengager-de-scor_6083643_3234.html
Les eurodéputés demandent une interdiction progressive des élevages en cage,"Thu, 10 Jun 2021 19:40:26 +0200",https://www.lemonde.fr/planete/article/2021/06/10/les-eurodeputes-demandent-une-interdiction-progressive-des-elevages-en-cage_6083642_3244.html
"E3 2021 : en marge du Salon du jeu vidéo de Los Angeles, suivez en direct la soirée de lancement du Summer Game Fest","Thu, 10 Jun 2021 18:42:19 +0200",https://www.lemonde.fr/pixels/article/2021/06/10/salon-du-jeu-video-de-los-angeles-le-programme-et-les-liens-pour-suivre-l-e3-2021_6083639_4408996.html
Le Sénat adopte une proposition de loi créant un titre-restaurant étudiant,"Thu, 10 Jun 2021 18:35:13 +0200",https://www.lemonde.fr/societe/article/2021/06/10/le-senat-adopte-une-proposition-de-loi-creant-un-titre-restaurant-etudiant_6083638_3224.html
Emmanuel Macron annonce « la fin de l’opération Barkhane » au Sahel,"Thu, 10 Jun 2021 16:00:16 +0200",https://www.lemonde.fr/politique/live/2021/06/10/en-direct-suivez-la-conference-de-presse-d-emmanuel-macron_6083623_823448.html
« Nous nous tenons prêts à ouvrir le 30 juin » : l’espoir des patrons de discothèques pour cet été,"Thu, 10 Jun 2021 17:49:15 +0200",https://www.lemonde.fr/economie/article/2021/06/10/nous-nous-tenons-prets-a-ouvrir-le-30-juin-l-espoir-des-patrons-de-discotheques-pour-cet-ete_6083632_3234.html
Pleins feux sur l’éclipse solaire partielle au-dessus de l’hémisphère nord,"Thu, 10 Jun 2021 17:37:59 +0200",https://www.lemonde.fr/sciences/article/2021/06/10/pleins-feux-sur-l-eclipse-solaire-partielle-au-dessus-de-l-hemisphere-nord_6083631_1650684.html
L’homme qui a giflé Emmanuel Macron condamné à dix-huit mois de prison dont quatre ferme,"Thu, 10 Jun 2021 16:25:05 +0200",https://www.lemonde.fr/politique/article/2021/06/10/le-parquet-requiert-18-mois-de-prison-contre-l-auteur-de-la-gifle-a-emmanuel-macron_6083626_823448.html
Le Conseil d’Etat juge illégal le recours à la technique des « nasses » par les forces de l’ordre en manifestation,"Thu, 10 Jun 2021 15:14:30 +0200",https://www.lemonde.fr/police-justice/article/2021/06/10/le-conseil-d-etat-juge-illegal-le-recours-a-la-technique-des-nasses-par-les-forces-de-l-ordre-lors-des-manifestations_6083619_1653578.html
« Islamo-gauchisme » à l’université : la ministre Frédérique Vidal accusée d’abus de pouvoir devant le Conseil d’Etat,"Thu, 10 Jun 2021 15:12:55 +0200",https://www.lemonde.fr/societe/article/2021/06/10/islamo-gauchisme-a-l-universite-la-ministre-frederique-vidal-accusee-d-abus-de-pouvoir-devant-le-conseil-d-etat_6083618_3224.html
Agressions sexuelles dans l’Eglise : le pape François refuse la démission du cardinal Reinhard Marx,"Thu, 10 Jun 2021 15:09:29 +0200",https://www.lemonde.fr/international/article/2021/06/10/agressions-sexuelles-dans-l-eglise-le-pape-francois-refuse-la-demission-du-cardinal-reinhard-marx_6083617_3210.html
Crise climatique et de la biodiversité : 50 spécialistes mondiaux appellent à une lutte commune,"Thu, 10 Jun 2021 15:00:44 +0200",https://www.lemonde.fr/climat/article/2021/06/10/crise-climatique-et-de-la-biodiversite-50-specialistes-mondiaux-appellent-a-une-lutte-commune_6083616_1652612.html
Raymond Soubie : « Reculer l’âge de départ à la retraite est plus une réforme de début de quinquennat que de fin »,"Thu, 10 Jun 2021 15:00:12 +0200",https://www.lemonde.fr/politique/article/2021/06/10/retraites-reculer-l-age-de-depart-est-plus-une-reforme-de-debut-de-quinquennat-que-de-fin_6083615_823448.html
Enlèvement de Mia : un ex-militaire interpellé dans les Hautes-Pyrénées,"Thu, 10 Jun 2021 13:13:07 +0200",https://www.lemonde.fr/societe/article/2021/06/10/enlevement-de-mia-un-ex-militaire-interpelle-dans-les-hautes-pyrenees_6083608_3224.html
Régionales 2021 : la dynamique en trompe-l’œil du Rassemblement national,"Thu, 10 Jun 2021 12:00:11 +0200",https://www.lemonde.fr/politique/article/2021/06/10/regionales-2021-la-dynamique-en-trompe-l-oeil-du-rassemblement-national_6083599_823448.html
Vaccins contre le Covid-19 : le Parlement européen en faveur d’une levée des brevets,"Thu, 10 Jun 2021 13:01:20 +0200",https://www.lemonde.fr/planete/article/2021/06/10/vaccins-contre-le-covid-19-le-parlement-europeen-en-faveur-d-une-levee-des-brevets_6083606_3244.html
"Aux Etats-Unis, bataille pour des noms d’oiseaux plus inclusifs","Thu, 10 Jun 2021 12:27:45 +0200",https://www.lemonde.fr/big-browser/article/2021/06/10/aux-etats-unis-bataille-pour-des-noms-d-oiseaux-plus-inclusifs_6083604_4832693.html
"Euro 2021 : interpellée par Moscou, l’UEFA impose de modifier le maillot « politique » de l’Ukraine","Thu, 10 Jun 2021 12:20:04 +0200",https://www.lemonde.fr/sport/article/2021/06/10/euro-2021-interpellee-par-moscou-l-uefa-impose-de-modifier-le-maillot-politique-de-l-ukraine_6083603_3242.html
"Elections régionales : en Auvergne-Rhône-Alpes, Laurent Wauquiez laboure le terrain du Rassemblement national","Thu, 10 Jun 2021 12:00:21 +0200",https://www.lemonde.fr/politique/article/2021/06/10/regionales-en-auvergne-rhone-alpes-laurent-wauquiez-laboure-le-terrain-du-rassemblement-national_6083602_823448.html
Covid-19 : 88 800 créations nettes d’emplois au premier trimestre 2021,"Thu, 10 Jun 2021 11:41:47 +0200",https://www.lemonde.fr/economie/article/2021/06/10/l-emploi-salarie-plus-haut-qu-attendu-en-france-au-premier-trimestre-2021_6083597_3234.html
Eclipse partielle de Soleil : où et quand l’observer ?,"Thu, 10 Jun 2021 11:39:19 +0200",https://www.lemonde.fr/sciences/article/2021/06/10/eclipse-partielle-de-soleil-ou-et-quand-l-observer_6083596_1650684.html
"Amiral Pierre Vandier : En Indo-Pacifique, « nous affrontons une logique d’étouffement »","Thu, 10 Jun 2021 11:30:46 +0200",https://www.lemonde.fr/international/article/2021/06/10/amiral-pierre-vandier-en-indo-pacifique-nous-affrontons-une-logique-d-etouffement_6083594_3210.html
"En Allemagne, le vaccin de CureVac se fait attendre","Thu, 10 Jun 2021 11:19:04 +0200",https://www.lemonde.fr/planete/article/2021/06/10/en-allemagne-le-vaccin-de-curevac-se-fait-attendre_6083591_3244.html
Les îles Glorieuses deviennent une réserve naturelle nationale,"Thu, 10 Jun 2021 11:10:43 +0200",https://www.lemonde.fr/planete/article/2021/06/10/les-glorieuses-deviennent-une-reserve-naturelle-nationale_6083590_3244.html
"Présidentielle 2022 : « Pour être efficace dans le contrôle des comptes de campagne, il faut nous permettre d’accéder à l’exhaustivité des dépenses »","Thu, 10 Jun 2021 10:56:24 +0200",https://www.lemonde.fr/politique/article/2021/06/10/presidentielle-2022-pour-etre-efficace-dans-le-controle-des-comptes-de-campagne-il-faut-nous-permettre-d-acceder-a-l-exhaustivite-des-depenses_6083586_823448.html
"La fin de l’opération Barkhane au Sahel, c’est “la fin d’un leurre”","Fri, 11 Jun 2021 12:17:04 +0200",https://www.courrierinternational.com/article/vu-du-burkina-faso-la-fin-de-loperation-barkhane-au-sahel-cest-la-fin-dun-leurre
Comment Joe Biden a volé la vedette à Macron,"Thu, 10 Jun 2021 20:29:52 +0200",https://www.courrierinternational.com/article/analyse-comment-joe-biden-vole-la-vedette-macron
"En France, la nouvelle étape du déconfinement “réenchante la vie quotidienne”","Thu, 10 Jun 2021 15:14:44 +0200",https://www.courrierinternational.com/article/vu-de-letranger-en-france-la-nouvelle-etape-du-deconfinement-reenchante-la-vie-quotidienne
"Euro 2021 : “Golazo”, “third half”, “Bananenflanke”, parlez-vous football ?","Thu, 10 Jun 2021 05:58:10 +0200",https://www.courrierinternational.com/article/podcast-euro-2021-golazo-third-half-bananenflanke-parlez-vous-football
France : comment Mélenchon a fini d’enterrer l’union de la gauche,"Thu, 10 Jun 2021 05:58:10 +0200",https://www.courrierinternational.com/article/vu-de-belgique-france-comment-melenchon-fini-denterrer-lunion-de-la-gauche
"La chute de Mimi Marchand, la sulfureuse “reine des paparazzis” qui conseillait les Macron","Wed, 09 Jun 2021 16:50:06 +0200",https://www.courrierinternational.com/article/vu-despagne-la-chute-de-mimi-marchand-la-sulfureuse-reine-des-paparazzis-qui-conseillait-les
"Emmanuel Macron, le président qui reste à portée de gifle","Wed, 09 Jun 2021 11:47:46 +0200",https://www.courrierinternational.com/article/vu-de-suisse-emmanuel-macron-le-president-qui-reste-portee-de-gifle
Quand Covid et Brexit empêchent les Anglais de voir leur famille en France,"Wed, 09 Jun 2021 05:56:57 +0200",https://www.courrierinternational.com/article/vu-du-royaume-uni-quand-covid-et-brexit-empechent-les-anglais-de-voir-leur-famille-en-france
"En France, Mélenchon se joint au concert grandissant des conspirationnistes","Tue, 08 Jun 2021 18:31:35 +0200",https://www.courrierinternational.com/article/vu-dallemagne-en-france-melenchon-se-joint-au-concert-grandissant-des-conspirationnistes
Macron giflé dans la Drôme : “Une normalisation croissante et inquiétante de la violence”,"Tue, 08 Jun 2021 16:18:52 +0200",https://www.courrierinternational.com/article/vu-de-letranger-macron-gifle-dans-la-drome-une-normalisation-croissante-et-inquietante-de-la
Google à l’amende en France pour ses pratiques publicitaires,"Tue, 08 Jun 2021 15:56:30 +0200",https://www.courrierinternational.com/article/le-chiffre-du-jour-google-lamende-en-france-pour-ses-pratiques-publicitaires
"En France, le retour des corridas… et des débats sur le droit animal","Tue, 08 Jun 2021 15:48:01 +0200",https://www.courrierinternational.com/article/vu-despagne-en-france-le-retour-des-corridas-et-des-debats-sur-le-droit-animal
Quelle stratégie économique pour l’après-Covid en France ?,"Tue, 08 Jun 2021 06:10:41 +0200",https://www.courrierinternational.com/article/vu-du-royaume-uni-quelle-strategie-economique-pour-lapres-covid-en-france
Pourquoi Paris devrait mieux écouter les Franciliens,"Mon, 07 Jun 2021 06:03:54 +0200",https://www.courrierinternational.com/article/vu-du-royaume-uni-pourquoi-paris-devrait-mieux-ecouter-les-franciliens
"Sur l’Algérie, le Rwanda ou Napoléon, “Macron l’historien” entre en scène","Sun, 06 Jun 2021 17:24:19 +0200",https://www.courrierinternational.com/article/memoire-sur-lalgerie-le-rwanda-ou-napoleon-macron-lhistorien-entre-en-scene
La France s’américanise (et c’est vraiment terrible),"Sat, 05 Jun 2021 09:27:45 +0200",https://www.courrierinternational.com/article/sacres-francais-la-france-samericanise-et-cest-vraiment-terrible
L’autre américanisation de la France,"Sat, 05 Jun 2021 06:03:59 +0200",https://www.courrierinternational.com/article/vu-des-etats-unis-lautre-americanisation-de-la-france
“Nous sommes des apatrides de la pandémie” : la détresse de la diaspora algérienne,"Fri, 04 Jun 2021 18:03:49 +0200",https://www.courrierinternational.com/video/video-nous-sommes-des-apatrides-de-la-pandemie-la-detresse-de-la-diaspora-algerienne
"En Algérie, l’étonnante maison tour Eiffel n’est pas au goût de tous","Fri, 04 Jun 2021 17:48:38 +0200",https://www.courrierinternational.com/article/architecture-en-algerie-letonnante-maison-tour-eiffel-nest-pas-au-gout-de-tous
La France va créer une agence de lutte contre les fausses informations,"Fri, 04 Jun 2021 17:47:16 +0200",https://www.courrierinternational.com/article/vu-dargentine-la-france-va-creer-une-agence-de-lutte-contre-les-fausses-informations
Macron suspend les opérations armées conjointes au Mali : erreur ou risque calculé ?,"Fri, 04 Jun 2021 13:59:33 +0200",https://www.courrierinternational.com/article/sahel-macron-suspend-les-operations-armees-conjointes-au-mali-erreur-ou-risque-calcule
"Les déboires post-pandémie de la tour Eiffel, entre déficit et pollution","Fri, 04 Jun 2021 05:53:37 +0200",https://www.courrierinternational.com/article/monument-les-deboires-post-pandemie-de-la-tour-eiffel-entre-deficit-et-pollution
"Le “tour de France des territoires”, ou l’entrée en campagne de Macron","Thu, 03 Jun 2021 17:57:56 +0200",https://www.courrierinternational.com/article/vu-de-letranger-le-tour-de-france-des-territoires-ou-lentree-en-campagne-de-macron
"Avec David Diop, l’International Booker Prize récompense un orfèvre de la langue française","Thu, 03 Jun 2021 17:01:12 +0200",https://www.courrierinternational.com/revue-de-presse/vu-de-letranger-avec-david-diop-linternational-booker-prize-recompense-un-orfevre-de
Festival de Cannes 2021 : “Le grand retour du cinéma d’auteur”,"Thu, 03 Jun 2021 16:01:12 +0200",https://www.courrierinternational.com/revue-de-presse/cinema-festival-de-cannes-2021-le-grand-retour-du-cinema-dauteur
"L’eau bénite de Lourdes, un placebo pour les croyants","Thu, 03 Jun 2021 15:12:16 +0200",https://www.courrierinternational.com/article/science-leau-benite-de-lourdes-un-placebo-pour-les-croyants
Comment la France peut-elle rendre à Joséphine Baker les honneurs qu’elle mérite ?,"Thu, 03 Jun 2021 06:09:30 +0200",https://www.courrierinternational.com/article/vu-dallemagne-comment-la-france-peut-elle-rendre-josephine-baker-les-honneurs-quelle-merite
Une vague de faits divers sordides ravive le douloureux sujet des violences sexistes en France,"Wed, 02 Jun 2021 13:40:38 +0200",https://www.courrierinternational.com/article/vu-de-suisse-une-vague-de-faits-divers-sordides-ravive-le-douloureux-sujet-des-violences
Comment la vie amoureuse des femmes d’origine maghrébine se heurte aux clichés en France,"Wed, 02 Jun 2021 06:12:54 +0200",https://www.courrierinternational.com/article/vu-du-maroc-comment-la-vie-amoureuse-des-femmes-dorigine-maghrebine-se-heurte-aux-cliches-en
"Balle au pied, le timide N’Golo Kanté n’en finit plus de rayonner","Wed, 02 Jun 2021 06:12:54 +0200",https://www.courrierinternational.com/article/football-balle-au-pied-le-timide-ngolo-kante-nen-finit-plus-de-rayonner
"Comme tous les athlètes, Naomi Osaka est simplement humaine","Tue, 01 Jun 2021 16:49:25 +0200",https://www.courrierinternational.com/article/roland-garros-comme-tous-les-athletes-naomi-osaka-est-simplement-humaine
La crise migratoire sonne-t-elle le glas de la relation spéciale entre la France et le Maroc ?,"Tue, 01 Jun 2021 16:25:01 +0200",https://www.courrierinternational.com/article/vu-despagne-la-crise-migratoire-sonne-t-elle-le-glas-de-la-relation-speciale-entre-la-france
La stratégie de Macron en Afrique : panser le passé pour construire l’avenir,"Mon, 31 May 2021 17:32:23 +0200",https://www.courrierinternational.com/article/geopolitique-la-strategie-de-macron-en-afrique-panser-le-passe-pour-construire-lavenir
"Dans le sud de l’Angleterre, les résidents chassés par les locations saisonnières","Mon, 31 May 2021 16:49:55 +0200",https://www.courrierinternational.com/article/immobilier-dans-le-sud-de-langleterre-les-residents-chasses-par-les-locations-saisonnieres
"CNews, média agitateur ou miroir de l’opinion française ?","Mon, 31 May 2021 15:08:58 +0200",https://www.courrierinternational.com/article/vu-du-royaume-uni-cnews-media-agitateur-ou-miroir-de-lopinion-francaise
Pourquoi les jeunes en France préfèrent le cidre au vin,"Mon, 31 May 2021 13:38:17 +0200",https://www.courrierinternational.com/article/bulles-pourquoi-les-jeunes-en-france-preferent-le-cidre-au-vin
"Concernant le Sahel, Macron perd la raison","Mon, 31 May 2021 12:48:52 +0200",https://www.courrierinternational.com/article/menace-concernant-le-sahel-macron-perd-la-raison
"En France, l’éolien ne fait pas rêver","Mon, 31 May 2021 06:18:29 +0200",https://www.courrierinternational.com/article/reportage-en-france-leolien-ne-fait-pas-rever
"Dans la lutte contre le Covid, attention au “syndrome du vacciné”","Sun, 30 May 2021 05:57:30 +0200",https://www.courrierinternational.com/article/insouciance-dans-la-lutte-contre-le-covid-attention-au-syndrome-du-vaccine
"La France, patrie de la malbouffe","Sat, 29 May 2021 09:30:27 +0200",https://www.courrierinternational.com/article/sacres-francais-la-france-patrie-de-la-malbouffe
Le métro parisien va devoir faire le deuil du ticket papier,"Sat, 29 May 2021 06:05:36 +0200",https://www.courrierinternational.com/article/vu-du-royaume-uni-le-metro-parisien-va-devoir-faire-le-deuil-du-ticket-papier
"Xavier Bertrand, le rival de droite qui fait peur à Macron","Fri, 28 May 2021 17:41:39 +0200",https://www.courrierinternational.com/article/vu-ditalie-xavier-bertrand-le-rival-de-droite-qui-fait-peur-macron
"Entre la France et le Rwanda, après la mémoire, place au business","Fri, 28 May 2021 16:45:02 +0200",https://www.courrierinternational.com/article/reconciliation-entre-la-france-et-le-rwanda-apres-la-memoire-place-au-business
"En France, la vaccination atteint enfin sa vitesse de croisière","Fri, 28 May 2021 14:11:23 +0200",https://www.courrierinternational.com/article/recit-en-france-la-vaccination-atteint-enfin-sa-vitesse-de-croisiere
Pourquoi la nourriture est bien meilleure en Grande-Bretagne qu’en France,"Fri, 28 May 2021 05:26:02 +0200",https://www.courrierinternational.com/article/opinion-pourquoi-la-nourriture-est-bien-meilleure-en-grande-bretagne-quen-france
"Laurence des Cars, une femme de rupture à la tête du Louvre","Thu, 27 May 2021 18:23:01 +0200",https://www.courrierinternational.com/article/vu-de-letranger-laurence-des-cars-une-femme-de-rupture-la-tete-du-louvre
L’humeur en berne des Britanniques face aux nouvelles restrictions imposées par la France,"Thu, 27 May 2021 14:29:08 +0200",https://www.courrierinternational.com/article/vacances-lhumeur-en-berne-des-britanniques-face-aux-nouvelles-restrictions-imposees-par-la
"Au Rwanda, Macron reconnaît la responsabilité de la France dans le génocide","Thu, 27 May 2021 13:45:02 +0200",https://www.courrierinternational.com/article/repentance-au-rwanda-macron-reconnait-la-responsabilite-de-la-france-dans-le-genocide
Mon permis de conduire perdu dans l’enfer de l’administration française post-Brexit,"Thu, 27 May 2021 06:05:48 +0200",https://www.courrierinternational.com/article/temoignage-mon-permis-de-conduire-perdu-dans-lenfer-de-ladministration-francaise-post-brexit
Le quart d’heure de gloire de Bernard Arnault au sommet des grandes fortunes,"Wed, 26 May 2021 14:02:15 +0200",https://www.courrierinternational.com/article/ultrariches-le-quart-dheure-de-gloire-de-bernard-arnault-au-sommet-des-grandes-fortunes
Vaccination contre le Covid-19: l'Ile-de-France croule sous les créneaux,"Fri, 11 Jun 2021 11:58:00 GMT",https://www.bfmtv.com/paris/vaccination-contre-le-covid-19-l-ile-de-france-croule-sous-les-creneaux_AV-202106110246.html
Orages: des tonnes de bois dans le lac de Serre-Ponçon après la rupture d'un barrage flottant,"Fri, 11 Jun 2021 11:50:33 GMT",https://www.bfmtv.com/bfm-dici/orages-des-tonnes-de-bois-dans-le-lac-de-serre-poncon-apres-la-rupture-d-un-barrage-flottant_AV-202106110244.html
"""Ennuyeux"", ""mièvre"", les critiques britanniques démolissent le livre pour enfants de Meghan Markle","Fri, 11 Jun 2021 11:47:26 GMT",https://www.bfmtv.com/people/tetes-couronnees/ennuyeux-mievre-les-critiques-britanniques-demolissent-le-livre-pour-enfants-de-meghan-markle_AN-202106110243.html
Briançonnais: les clubs de parapente font le plein,"Fri, 11 Jun 2021 11:29:45 GMT",https://www.bfmtv.com/bfm-dici/replay-emissions/bonjour-dici/brianconnais-les-clubs-de-parapente-font-le-plein_VN-202106110239.html
Briançonnais: les clubs de parapente font le plein,"Fri, 11 Jun 2021 11:29:45 GMT",https://www.bfmtv.com/bfm-dici/replay-emissions/bonjour-dici/brianconnais-les-clubs-de-parapente-font-le-plein_VN-202106110240.html
La première vente aux enchères de cartes Pokémon de France a eu lieu ce jeudi à Paris,"Fri, 11 Jun 2021 11:13:58 GMT",https://www.bfmtv.com/societe/la-premiere-vente-aux-encheres-de-cartes-pokemon-de-france-a-eu-lieu-ce-jeudi-a-paris_VN-202106110238.html
7800 euros pour un Dracaufeu… les cartes Pokémon se font une place aux enchères,"Fri, 11 Jun 2021 11:11:46 GMT",https://www.bfmtv.com/economie/consommation/7800-euros-pour-un-dracaufeu-les-cartes-pokemon-se-font-une-place-aux-encheres_AD-202106110233.html
Une clause du contrat de prêt peut n'être qu'en partie abusive,"Fri, 11 Jun 2021 11:11:25 GMT",https://www.bfmtv.comhttps://www.lavieimmo.com/divers-immobilier/une-clause-du-contrat-de-pret-peut-n-etre-qu-en-partie-abusive-51164.html
Welink recrute 70 profils à Paris,"Fri, 11 Jun 2021 11:11:11 GMT",https://www.bfmtv.com/economie/emploi/welink-recrute-70-profils-a-paris_VN-202106110234.html
Vous recrutez : Toucan Space/ Welink - 11/06,"Fri, 11 Jun 2021 11:11:05 GMT",https://www.bfmtv.com/economie/replay-emissions/soixante-minutes-business/vous-recrutez-toucan-space-welink-11-06_VN-202106110235.html
États-Unis: le prénom Donald n'a jamais été aussi peu donné aux nouveaux-nés,"Fri, 11 Jun 2021 11:09:38 GMT",https://www.bfmtv.com/international/amerique-nord/etats-unis/etats-unis-le-prenom-donald-n-a-jamais-ete-aussi-peu-donne-aux-nouveaux-nes_AN-202106110231.html
"Face à la rigueur du protocole sanitaire, Strasbourg annule sa Fête de la musique","Fri, 11 Jun 2021 11:08:59 GMT",https://www.bfmtv.com/people/musique/face-a-la-rigueur-du-protocole-sanitaire-strasbourg-annule-sa-fete-de-la-musique_AD-202106110228.html
"Régionales en Paca: Jean-Laurent Félizia, candidat de l'union de la gauche aux régionales, veut aider la filière touristique à se reconvertir","Fri, 11 Jun 2021 11:08:22 GMT",https://www.bfmtv.com/bfm-dici/replay-emissions/bonjour-dici/regionales-en-paca-jean-laurent-felizia-candidat-de-l-union-de-la-gauche-aux-regionales-veut-aider-la-filiere-touristique-a-se-reconvertir_VN-202106110229.html
"Régionales en Paca: Jean-Laurent Félizia, candidat de l'union de la gauche aux régionales, veut aider la filière touristique à se reconvertir","Fri, 11 Jun 2021 11:08:22 GMT",https://www.bfmtv.com/bfm-dici/replay-emissions/bonjour-dici/regionales-en-paca-jean-laurent-felizia-candidat-de-l-union-de-la-gauche-aux-regionales-veut-aider-la-filiere-touristique-a-se-reconvertir_VN-202106110230.html
"Régionales en Paca: Jean-Laurent Félizia, candidat de l'union de la gauche, revient sur les appels du pied de Renaud Muselier","Fri, 11 Jun 2021 11:05:11 GMT",https://www.bfmtv.com/bfm-dici/replay-emissions/bonjour-dici/regionales-en-paca-jean-laurent-felizia-candidat-de-l-union-de-la-gauche-revient-sur-les-appels-du-pied-de-renaud-muselier_VN-202106110226.html
"Régionales en Paca: Jean-Laurent Félizia, candidat de l'union de la gauche, revient sur les appels du pied de Renaud Muselier","Fri, 11 Jun 2021 11:05:11 GMT",https://www.bfmtv.com/bfm-dici/replay-emissions/bonjour-dici/regionales-en-paca-jean-laurent-felizia-candidat-de-l-union-de-la-gauche-revient-sur-les-appels-du-pied-de-renaud-muselier_VN-202106110224.html
Comment fonctionne le système du QR Code ? - 11/06,"Fri, 11 Jun 2021 11:04:38 GMT",https://www.bfmtv.com/economie/replay-emissions/soixante-minutes-business/comment-fonctionne-le-systeme-du-qr-code-11-06_VN-202106110225.html
"Régionales en Paca: Jean-Laurent Félizia, candidat de l'union de la gauche, s'explique sur le maintien de sa liste ou non au second tour","Fri, 11 Jun 2021 11:01:59 GMT",https://www.bfmtv.com/bfm-dici/replay-emissions/bonjour-dici/regionales-en-paca-jean-laurent-felizia-candidat-de-l-union-de-la-gauche-s-explique-sur-le-maintien-de-sa-liste-ou-non-au-second-tour_VN-202106110222.html
"Régionales en Paca: Jean-Laurent Félizia, candidat de l'union de la gauche, s'explique sur le maintien de sa liste ou non au second tour","Fri, 11 Jun 2021 11:01:59 GMT",https://www.bfmtv.com/bfm-dici/replay-emissions/bonjour-dici/regionales-en-paca-jean-laurent-felizia-candidat-de-l-union-de-la-gauche-s-explique-sur-le-maintien-de-sa-liste-ou-non-au-second-tour_VN-202106110223.html
Des astronautes découvrent une étoile géante qui fait 100 fois la taille du Soleil,"Fri, 11 Jun 2021 11:00:06 GMT",https://www.bfmtv.com/sciences/des-astronautes-decouvrent-une-etoile-geante-qui-fait-100-fois-la-taille-du-soleil_AN-202106110220.html
Le marché achète le scénario d'une inflation transitoire vendu par la BCE et repart de l'avant,"Fri, 11 Jun 2021 10:58:11 GMT",https://www.bfmtv.comhttps://www.tradingsat.com/cac-40-FR0003500008/actualites/cac-40-le-marche-achete-le-scenario-d-une-inflation-transitoire-vendu-par-la-bce-et-repart-de-l-avant-972305.html
Toucan Space recrute en CDI CDD et stage,"Fri, 11 Jun 2021 10:57:14 GMT",https://www.bfmtv.com/economie/emploi/toucan-space-recrute-en-cdi-cdd-et-stage_VN-202106110219.html
"Régionales en Paca: Jean-Laurent Félizia, candidat de l'union de la gauche, croit à la seconde au soir du premier tour","Fri, 11 Jun 2021 10:53:53 GMT",https://www.bfmtv.com/bfm-dici/replay-emissions/bonjour-dici/regionales-en-paca-jean-laurent-felizia-candidat-de-l-union-de-la-gauche-croit-a-la-seconde-au-soir-du-premier-tour_VN-202106110215.html
"Régionales en Paca: Jean-Laurent Félizia, candidat de l'union de la gauche, croit à la seconde au soir du premier tour","Fri, 11 Jun 2021 10:53:53 GMT",https://www.bfmtv.com/bfm-dici/replay-emissions/bonjour-dici/regionales-en-paca-jean-laurent-felizia-candidat-de-l-union-de-la-gauche-croit-a-la-seconde-au-soir-du-premier-tour_VN-202106110216.html
Manosque: les bars se préparent pour l'Euro 2020,"Fri, 11 Jun 2021 10:53:09 GMT",https://www.bfmtv.com/bfm-dici/replay-emissions/bonjour-dici/manosque-les-bars-se-preparent-pour-l-euro-2020_VN-202106110214.html
Manosque: les bars se préparent pour l'Euro 2020,"Fri, 11 Jun 2021 10:53:09 GMT",https://www.bfmtv.com/bfm-dici/replay-emissions/bonjour-dici/manosque-les-bars-se-preparent-pour-l-euro-2020_VN-202106110213.html
"Covid-19: le variant Delta 60% plus contagieux, selon les autorités sanitaires britanniques","Fri, 11 Jun 2021 10:50:00 GMT",https://www.bfmtv.com/sante/le-variant-delta-60-plus-contagieux-selon-les-autorites-sanitaires-britanniques_AD-202106110212.html
Queyras: la crue mortelle de juin 1957,"Fri, 11 Jun 2021 10:41:57 GMT",https://www.bfmtv.com/bfm-dici/replay-emissions/bonjour-dici/queyras-la-crue-mortelle-de-juin-1957_VN-202106110210.html
Queyras: la crue mortelle de juin 1957,"Fri, 11 Jun 2021 10:41:57 GMT",https://www.bfmtv.com/bfm-dici/replay-emissions/bonjour-dici/queyras-la-crue-mortelle-de-juin-1957_VN-202106110211.html
"Michel Biero (Lidl ) : Lidl, la nouvelle hype ? - 11/06","Fri, 11 Jun 2021 10:37:05 GMT",https://www.bfmtv.com/economie/replay-emissions/soixante-minutes-business/michel-biero-lidl-lidl-la-nouvelle-hype-11-06_VN-202106110209.html
Pourrons-nous bientôt tomber le masque?,"Fri, 11 Jun 2021 09:18:44 GMT",https://www.20min.ch/fr/566812264371
Le Tribunal fédéral confirme la condamnation des activistes du climat,"Fri, 11 Jun 2021 10:00:19 GMT",https://www.20min.ch/fr/468609602072
"354 nouveaux cas enregistrés en Suisse, 3 décès","Fri, 11 Jun 2021 11:45:40 GMT",https://www.20min.ch/fr/723486254129
La Chine laisse sa trace sur Mars,"Fri, 11 Jun 2021 09:55:56 GMT",https://www.20min.ch/fr/169250921729
La veste de Jill Biden n’est pas passée inaperçue,"Fri, 11 Jun 2021 09:19:12 GMT",https://www.20min.ch/fr/264762049964
Le sommet Biden-Poutine freinera les vaccinations,"Fri, 11 Jun 2021 11:13:36 GMT",https://www.20min.ch/fr/818745522835
Explosion du chômage des frontaliers,"Fri, 11 Jun 2021 09:40:12 GMT",https://www.20min.ch/fr/548263905933
"«Qu’est-ce qui vous a pris, bon sang?»","Fri, 11 Jun 2021 08:40:24 GMT",https://www.20min.ch/fr/767232979831
L’extension du jeu va nous amener à la ferme,"Fri, 11 Jun 2021 11:25:05 GMT",https://www.20min.ch/fr/702611134433
Le détail physique qui chiffonne Iris Mittenaere,"Fri, 11 Jun 2021 05:39:47 GMT",https://www.20min.ch/fr/846736356525
Comment avez-vous voté et pour quelles raisons?,"Fri, 11 Jun 2021 04:00:03 GMT",https://www.20min.ch/fr/321274479404
Marcus Rashford a de l’or dans les pieds et le cœur sur la main,"Fri, 11 Jun 2021 08:00:06 GMT",https://www.20min.ch/fr/100944654148
«C’est simplement incroyable que quelqu’un puisse faire ça»,"Fri, 11 Jun 2021 04:01:47 GMT",https://www.20min.ch/fr/101877493603
Pékin adopte une loi contre les sanctions étrangères,"Fri, 11 Jun 2021 11:06:06 GMT",https://www.20min.ch/fr/775331243064
Lalanne dément avoir frappé l’équipe de «Quotidien»,"Fri, 11 Jun 2021 08:32:12 GMT",https://www.20min.ch/fr/213888048980
Deux chiens sauvés d’un gouffre,"Fri, 11 Jun 2021 07:26:12 GMT",https://www.20min.ch/fr/974773815238
Acquittements et peines réduites dans l’affaire des promoteurs,"Fri, 11 Jun 2021 09:54:52 GMT",https://www.20min.ch/fr/560927037509
Le variant indien 60% plus contagieux selon une étude,"Mon, 01 Feb 2021 05:12:26 GMT",https://www.20min.ch/fr/750089488857
"L’escalade de violence, une «catastrophe pour les droits humains»","Fri, 11 Jun 2021 09:53:33 GMT",https://www.20min.ch/fr/814153174891
À plus de 60 km/h en segway sur une semi-autoroute,"Fri, 11 Jun 2021 08:34:28 GMT",https://www.20min.ch/fr/598867478878
Une drôle de manufacture vouée à la transition verte,"Fri, 11 Jun 2021 07:58:29 GMT",https://www.20min.ch/fr/375109932946
Des données de parlementaires démocrates saisies sous Trump,"Fri, 11 Jun 2021 08:05:17 GMT",https://www.20min.ch/fr/344146824564
"Malgré les apparences, ils prennent le foot au sérieux","Fri, 11 Jun 2021 04:21:10 GMT",https://www.20min.ch/fr/859497191591
La Pride court en attendant la Marche des fiertés,"Thu, 10 Jun 2021 16:05:32 GMT",https://www.20min.ch/fr/142333612944
Le zoo national accueille le premier tigre blanc né dans le pays,"Fri, 11 Jun 2021 04:19:03 GMT",https://www.20min.ch/fr/808117508011
Dix bébés d’un coup!,"Thu, 10 Jun 2021 16:51:03 GMT",https://www.20min.ch/fr/104714517016
Le Chili inaugure la première centrale à énergie solaire d’Amérique latine,"Thu, 10 Jun 2021 20:13:21 GMT",https://www.20min.ch/fr/643895036408
L’initiative pour moins d’impôt auto fait le plein,"Fri, 11 Jun 2021 09:52:00 GMT",https://www.20min.ch/fr/520546127777
Les Forces aériennes surveilleront le ciel à Genève,"Fri, 11 Jun 2021 08:42:40 GMT",https://www.20min.ch/fr/913198006130
Onze fans de tuning et de sensations fortes dénoncés,"Fri, 11 Jun 2021 08:11:29 GMT",https://www.20min.ch/fr/116191317244
Les cinq objets en quatre coups d’oeil,"Thu, 03 Jun 2021 10:25:32 GMT",https://www.20min.ch/fr/302815340470
Vaccin et entrée en Suisse: Russes et Américains inégaux,"Thu, 10 Jun 2021 15:57:59 GMT",https://www.20min.ch/fr/615568728662
Le passager d’une voiture décède lors d’un choc,"Fri, 11 Jun 2021 07:07:44 GMT",https://www.20min.ch/fr/624921913092
Connaissez-vous Luka Ivanusec?,"Fri, 11 Jun 2021 10:00:00 GMT",https://www.20min.ch/fr/361395871070
"Robert Page, le «penseur» sélectionneur par accident","Fri, 11 Jun 2021 09:48:24 GMT",https://www.20min.ch/fr/350250801436
"Des joueurs aux supporters, les mesures sanitaires de l’Euro","Fri, 11 Jun 2021 04:56:33 GMT",https://www.20min.ch/fr/912209091363
"L’Italie, l’outsider qui s’assume","Thu, 10 Jun 2021 18:52:33 GMT",https://www.20min.ch/fr/266726245220
Une relation «indestructible» avec les États-Unis,"Fri, 11 Jun 2021 05:33:24 GMT",https://www.20min.ch/fr/733475376435
Le résultat officiel ne sera connu que dans quelques jours au Pérou,"Thu, 10 Jun 2021 22:26:59 GMT",https://www.20min.ch/fr/756933401143
Les images du jour,"Sat, 02 Jan 2021 17:51:16 GMT",https://www.20min.ch/fr/854039659326
"«Je veux transmettre le ""whaou"" qu’on ressent devant des paysages»","Tue, 08 Jun 2021 22:02:00 GMT",https://www.20min.ch/fr/421352549164
«J’aimerais encourager les gens à venir danser»,"Sun, 06 Jun 2021 22:01:00 GMT",https://www.20min.ch/fr/735135334719
«Mon but c’est de ressortir un maximum de déchet du lac»,"Fri, 04 Jun 2021 22:01:00 GMT",https://www.20min.ch/fr/694496231796
"«Si on veut changer les gens, il faut se changer soi d’abord»","Tue, 01 Jun 2021 22:02:00 GMT",https://www.20min.ch/fr/448908118964
Les batteries électriques pourront bientôt être rechargées deux fois plus vite,"Fri, 11 Jun 2021 09:00:00 GMT",https://www.20min.ch/fr/715294138813
Pétrole: la demande plus haute qu’avant la pandémie dès 2022,"Fri, 11 Jun 2021 08:40:55 GMT",https://www.20min.ch/fr/114600931368
Deux fois plus de passagers dans les avions dans 20 ans,"Fri, 11 Jun 2021 07:24:43 GMT",https://www.20min.ch/fr/612799317824
La BCE garde son rythme de crise pour faciliter la reprise,"Fri, 11 Jun 2021 06:17:11 GMT",https://www.20min.ch/fr/956204664408
Toronto prend les couleurs du Tricolore,"Fri, 11 Jun 2021 07:59:21 GMT",https://www.20min.ch/fr/107418203817
Kaspars Daugavins à Berne,"Fri, 11 Jun 2021 07:00:41 GMT",https://www.20min.ch/fr/231461892230
Les Bucks sortent du bois,"Fri, 11 Jun 2021 06:29:06 GMT",https://www.20min.ch/fr/574876831153
Des «pervers misogynes»: une nageuse australienne claque la porte,"Fri, 11 Jun 2021 06:05:08 GMT",https://www.20min.ch/fr/813745685568
Un ex-militaire interpellé en France dans les Hautes-Pyrénées,"Thu, 10 Jun 2021 10:56:20 GMT",https://www.20min.ch/fr/271451033448
Un deuxième suspect arrêté après deux brigandages à Sion,"Thu, 10 Jun 2021 09:07:25 GMT",https://www.20min.ch/fr/376354943709
12 morts dans le crash d’un avion militaire,"Thu, 10 Jun 2021 08:31:32 GMT",https://www.20min.ch/fr/271924160042
La démo d’une infirmière complotiste fait plouf,"Thu, 10 Jun 2021 18:49:58 GMT",https://www.20min.ch/fr/779797703989
"Mal à l’aise, un candidat présente sa maison: «C’est vachement louche»","Thu, 10 Jun 2021 13:29:10 GMT",https://www.20min.ch/fr/108428408164
"Ils marchaient, sans le savoir, sur des millions de cadavres","Thu, 10 Jun 2021 09:41:11 GMT",https://www.20min.ch/fr/647144372095
Le retour remarquable d’une licence à succès,"Thu, 10 Jun 2021 18:34:54 GMT",https://www.20min.ch/fr/581454295095
Tournoi «Wild Rift» ouvert à tous les gamers!,"Thu, 10 Jun 2021 16:20:48 GMT",https://www.20min.ch/fr/664832764435
Facebook veut mettre des caméras sur le poignet,"Thu, 10 Jun 2021 13:31:02 GMT",https://www.20min.ch/fr/416467448945
"«Le pire, c’est d’arriver à perdre mon accent français»","Fri, 11 Jun 2021 04:19:51 GMT",https://www.20min.ch/fr/396479530476
Kelly Osbourne s’est droguée très jeune,"Thu, 10 Jun 2021 20:12:57 GMT",https://www.20min.ch/fr/392289312210
Le geste émouvant d’Elizabeth II pour les 100 ans de Philip,"Thu, 10 Jun 2021 14:37:58 GMT",https://www.20min.ch/fr/178991137229
Kanye West sortirait avec Irina Shayk,"Thu, 10 Jun 2021 09:00:27 GMT",https://www.20min.ch/fr/502773983374
Emrata: nouvelle victime du mom-shaming,"Thu, 10 Jun 2021 14:02:10 GMT",https://www.20min.ch/fr/331460084975
Voici le meilleur moment de la journée pour faire du sport,"Mon, 07 Jun 2021 10:00:00 GMT",https://www.20min.ch/fr/708167217442
Augmenter son plaisir sexuel grâce à la pleine conscience,"Sun, 06 Jun 2021 08:00:00 GMT",https://www.20min.ch/fr/262073794693
Miley Cyrus en livestream avec un son à 360 degrés,"Thu, 10 Jun 2021 07:11:52 GMT",https://www.20min.ch/fr/924135632229
Le Zermatt Unplugged dévoile son programme estival,"Thu, 10 Jun 2021 04:39:48 GMT",https://www.20min.ch/fr/479992020209
«J’ai quitté ma chambre pour sortir de ma zone de confort»,"Wed, 09 Jun 2021 18:23:17 GMT",https://www.20min.ch/fr/407258334308
Alva Claire: mannequin plus size et bombe en dessous sexy,"Wed, 09 Jun 2021 16:30:00 GMT",https://www.20min.ch/fr/538811074732
"Les sandales à scratch, c’est le pied","Mon, 07 Jun 2021 14:55:00 GMT",https://www.20min.ch/fr/438249954289
La robe vichy? C’est oui!,"Wed, 02 Jun 2021 10:00:00 GMT",https://www.20min.ch/fr/281030843496
Les tongs à talons cartonnent,"Tue, 01 Jun 2021 14:00:00 GMT",https://www.20min.ch/fr/857053853177
"Les sorties de ce 9 juin, c’est par ici!","Wed, 09 Jun 2021 05:17:41 GMT",https://www.20min.ch/fr/825187392868
"Chloé Zhao: Après les nomades, les superhéros Marvel","Tue, 08 Jun 2021 19:02:35 GMT",https://www.20min.ch/fr/176185133257
Lupin revient sur votre écran et il veut se venger,"Tue, 08 Jun 2021 14:29:36 GMT",https://www.20min.ch/fr/269108697820
Une pause? Très peu pour Benjamin Lavernhe,"Tue, 08 Jun 2021 04:19:43 GMT",https://www.20min.ch/fr/765228960633
5 bonnes adresses où profiter de l’été à la montagne,"Thu, 10 Jun 2021 02:00:00 GMT",https://www.20min.ch/fr/424192613900
Vous ne connaissez probablement pas encore ces festivals,"Thu, 10 Jun 2021 02:00:00 GMT",https://www.20min.ch/fr/503284408363
Notre sélection de beaux hôtels pour des vacances en Europe,"Wed, 09 Jun 2021 11:30:00 GMT",https://www.20min.ch/fr/771814582757
Laissez infuser sur votre peau le doux parfum de la verveine,"Fri, 04 Jun 2021 04:00:00 GMT",https://www.20min.ch/fr/243342868571
5 lipsticks pour se faire une bouche rouge baiser,"Wed, 02 Jun 2021 04:00:00 GMT",https://www.20min.ch/fr/956674220773
La coloriste de Bella Hadid facture 600 balles le balayage,"Mon, 31 May 2021 04:00:00 GMT",https://www.20min.ch/fr/151888766414
Des gadgets en cuir qui coûtent jusqu’à 115’000 francs,"Thu, 10 Jun 2021 10:00:00 GMT",https://www.20min.ch/fr/885333467156
"Leonardo DiCaprio achète une villa pour 7 millions de dollars, dans laquelle il n’habitera jamais","Tue, 08 Jun 2021 04:00:00 GMT",https://www.20min.ch/fr/581828456135
Cinq éléments indispensables à votre coin salon extérieur,"Mon, 07 Jun 2021 04:00:00 GMT",https://www.20min.ch/fr/766349618104
"Zac Efron vend sa villa pour 4,8 millions de francs","Thu, 03 Jun 2021 04:00:00 GMT",https://www.20min.ch/fr/765169533304
"Voici la meilleure technique pour vendre ses vêtements, meubles ou vélos en ligne","Fri, 11 Jun 2021 05:00:00 GMT",https://www.20min.ch/fr/862820317646
Votre maison devient un temple de la beauté grâce à des articles d’occasion,"Thu, 03 Jun 2021 10:10:32 GMT",https://www.20min.ch/fr/510998783787
Tout ce que vous devriez éviter dans les cosmétiques,"Fri, 28 May 2021 05:00:00 GMT",https://www.20min.ch/fr/564596980115
Gagnez trois mois de loyer,"Thu, 20 May 2021 14:00:00 GMT",https://www.20min.ch/fr/280222963994
Deux duos de pâtissiers régalent la Suisse romande ce week-end,"Fri, 11 Jun 2021 09:55:16 GMT",https://www.20min.ch/fr/143761273585
Un quiz pour savoir quels poissons on peut manger,"Tue, 08 Jun 2021 10:05:00 GMT",https://www.20min.ch/fr/328560351448
"3 sauces exotiques pour twister grillades, patates et poissons","Fri, 04 Jun 2021 10:00:00 GMT",https://www.20min.ch/fr/668466603349
Jeune chef vaudois couronné grâce à un saumon cuit au gin,"Tue, 01 Jun 2021 10:00:00 GMT",https://www.20min.ch/fr/370170044133
Économique en termes de consommation – et au niveau équipement,"Fri, 11 Jun 2021 08:00:00 GMT",https://www.20min.ch/fr/930232798134
Quel danger représentent les véhicules électriques dans les garages souterrains?,"Thu, 10 Jun 2021 12:30:00 GMT",https://www.20min.ch/fr/874312608627
Genesis GV80: numéro un ou succès sans lendemain?,"Wed, 09 Jun 2021 08:00:00 GMT",https://www.20min.ch/fr/334461499906
Dieselgate: Renault mis en examen pour «tromperie»,"Tue, 08 Jun 2021 18:52:39 GMT",https://www.20min.ch/fr/311929011291
Gagne une Samsung Smart TV,"Thu, 10 Jun 2021 22:01:00 GMT",https://www.20min.ch/fr/937425759077
Gagne un vol avec Qatar Airways,"Wed, 09 Jun 2021 16:35:44 GMT",https://www.20min.ch/fr/243229470753
Remporte un bon cadeau Pfister d’une valeur de CHF 2’000.,"Mon, 31 May 2021 10:22:05 GMT",https://www.20min.ch/fr/525983469741
Nous t'offrons un Ricardo Gold Boost,"Wed, 07 Apr 2021 20:39:49 GMT",https://www.20min.ch/fr/788151724353
Un accès gratuit à Doodle Premium,"Wed, 07 Apr 2021 20:40:05 GMT",https://www.20min.ch/fr/583869266511
"Euro 2021 : Benzema-Giroud, le moment de la réconciliation ?","Fri, 11 Jun 2021 12:28:57 CEST",https://www.marianne.net/societe/euro-2021-benzema-giroud-le-moment-de-la-reconciliation#utm_source=RSS-MARIANNE&utm_medium=Flux-Rss&utm_campaign=RSS_general
Régionales : LREM penche pour une fusion des listes après le premier tour,"Fri, 11 Jun 2021 12:00:00 CEST",https://www.marianne.net/politique/macron/regionales-lrem-penche-pour-une-fusion-des-listes-apres-le-premier-tour#utm_source=RSS-MARIANNE&utm_medium=Flux-Rss&utm_campaign=RSS_general
"Georges Kuzmanovic : ""La gifle que Macron a reçue montre que le roi est nu""","Fri, 11 Jun 2021 11:50:59 CEST",https://www.marianne.net/agora/tribunes-libres/georges-kuzmanovic-la-gifle-quil-a-recue-montre-que-le-roi-est-nu#utm_source=RSS-MARIANNE&utm_medium=Flux-Rss&utm_campaign=RSS_general
Après les régionales : vers un grand remaniement gouvernemental pour cet été ?,"Fri, 11 Jun 2021 11:00:00 CEST",https://www.marianne.net/politique/macron/apres-les-regionales-vers-un-grand-remaniement-gouvernemental-pour-cet-ete#utm_source=RSS-MARIANNE&utm_medium=Flux-Rss&utm_campaign=RSS_general
"Fillettes voilées, mode… Dans un livre, Nadia Geerts alerte sur le foulard islamique","Fri, 11 Jun 2021 10:00:00 CEST",https://www.marianne.net/culture/litterature/fillettes-voilees-mode-dans-un-livre-nadia-geerts-alerte-sur-le-foulard-islamique#utm_source=RSS-MARIANNE&utm_medium=Flux-Rss&utm_campaign=RSS_general
"Stéphane Rozès : ""Gifler le président, c’est abaisser sa fonction et affaiblir le politique""","Fri, 11 Jun 2021 10:00:00 CEST",https://www.marianne.net/stephane-rozes-gifler-le-president-cest-abaisser-sa-fonction-et-affaiblir-le-politique#utm_source=RSS-MARIANNE&utm_medium=Flux-Rss&utm_campaign=RSS_general
"Enlèvement de Mia : arrêtés en Malaisie, Rémy Daillet et sa famille risquent l'extradition","Fri, 11 Jun 2021 09:36:34 CEST",https://www.marianne.net/societe/police-et-justice/enlevement-de-mia-arretes-en-malaisie-remy-daillet-et-sa-famille-risquent-lextradition#utm_source=RSS-MARIANNE&utm_medium=Flux-Rss&utm_campaign=RSS_general
De l'élection à la gifle de Macron : itinéraire d'une (accumulation de) colère,"Fri, 11 Jun 2021 09:00:00 CEST",https://www.marianne.net/politique/macron/de-lelection-a-la-gifle-de-macron-itineraire-dune-accumulation-de-colere#utm_source=RSS-MARIANNE&utm_medium=Flux-Rss&utm_campaign=RSS_general
"Fin des partis politiques : ""il faut inventer de nouvelles formes de participation populaire""","Fri, 11 Jun 2021 07:30:00 CEST",https://www.marianne.net/agora/les-signatures-de-marianne/fin-des-partis-politiques-il-faut-inventer-de-nouvelles-formes-de-participation-populaire#utm_source=RSS-MARIANNE&utm_medium=Flux-Rss&utm_campaign=RSS_general
"États Unis : un an après la mort de George Floyd, où en est l'appel à ""dé-financer"" la police ?","Fri, 11 Jun 2021 06:00:00 CEST",https://www.marianne.net/monde/ameriques/etats-unis-un-an-apres-la-mort-de-george-floyd-ou-en-est-lappel-a-de-financer-la-police#utm_source=RSS-MARIANNE&utm_medium=Flux-Rss&utm_campaign=RSS_general
"Le gifleur de Macron condamné : ""J'étais rempli de dégoût et d’inimitié""","Thu, 10 Jun 2021 22:30:02 CEST",https://www.marianne.net/societe/police-et-justice/le-gifleur-de-macron-condamne-jetais-rempli-de-degout-et-dinimitie#utm_source=RSS-MARIANNE&utm_medium=Flux-Rss&utm_campaign=RSS_general
"Le passe sanitaire, un danger pour les données personnelles ?","Thu, 10 Jun 2021 19:05:31 CEST",https://www.marianne.net/societe/big-brother/le-passe-sanitaire-un-danger-pour-les-donnees-personnelles#utm_source=RSS-MARIANNE&utm_medium=Flux-Rss&utm_campaign=RSS_general
"Encadrer le survivalisme ? ""Les dérives idéologiques ne sont pas inhérentes au mouvement""","Thu, 10 Jun 2021 18:48:12 CEST",https://www.marianne.net/societe/police-et-justice/encadrer-le-survivalisme-les-derives-ideologiques-ne-sont-pas-inherentes-au-mouvement#utm_source=RSS-MARIANNE&utm_medium=Flux-Rss&utm_campaign=RSS_general
Dieselgate : au tour de Citroën d'être mis en examen par la France,"Thu, 10 Jun 2021 18:17:37 CEST",https://www.marianne.net/societe/police-et-justice/dieselgate-cest-au-tour-de-citroen-detre-mis-en-examen-par-la-france#utm_source=RSS-MARIANNE&utm_medium=Flux-Rss&utm_campaign=RSS_general
"Marlène Schiappa : ""Dans la culture en France, la femme est encore la propriété de son mari""","Thu, 10 Jun 2021 18:15:36 CEST",https://www.marianne.net/societe/police-et-justice/marlene-schiappa-dans-la-culture-en-france-la-femme-est-encore-la-propriete-de-son-mari#utm_source=RSS-MARIANNE&utm_medium=Flux-Rss&utm_campaign=RSS_general
La PMA pour toutes adoptée à l’Assemblée : les enjeux de la filiation,"Thu, 10 Jun 2021 18:10:15 CEST",https://www.marianne.net/societe/sciences-et-bioethique/la-pma-pour-toutes-adoptee-a-lassemblee-les-enjeux-de-la-filiation#utm_source=RSS-MARIANNE&utm_medium=Flux-Rss&utm_campaign=RSS_general
"""Impossible de joindre les deux bouts"" : en grève, les psychologues dénoncent leur précarisation","Thu, 10 Jun 2021 18:00:01 CEST",https://www.marianne.net/societe/sante/impossible-de-joindre-les-deux-bouts-en-greve-les-psychologues-denoncent-leur-precarisation#utm_source=RSS-MARIANNE&utm_medium=Flux-Rss&utm_campaign=RSS_general
Gifle à Emmanuel Macron : l'auteur condamné à quatre mois de prison ferme avec mandat de dépôt,"Thu, 10 Jun 2021 17:40:29 CEST",https://www.marianne.net/societe/police-et-justice/lauteur-de-la-gifle-a-emmanuel-macron-condamne-a-quatre-mois-de-prison-ferme#utm_source=RSS-MARIANNE&utm_medium=Flux-Rss&utm_campaign=RSS_general
Les États-Unis donnent 500 millions de vaccins : « une générosité calculée »,"Thu, 10 Jun 2021 17:36:11 CEST",https://www.marianne.net/monde/geopolitique/les-etats-unis-donnent-500-millions-de-vaccins-une-generosite-calculee#utm_source=RSS-MARIANNE&utm_medium=Flux-Rss&utm_campaign=RSS_general
"Emmanuel Macron giflé : ""Extension du domaine de la transgression""","Thu, 10 Jun 2021 16:19:25 CEST",https://www.marianne.net/agora/tribunes-libres/emmanuel-macron-gifle-extension-du-domaine-de-la-transgression#utm_source=RSS-MARIANNE&utm_medium=Flux-Rss&utm_campaign=RSS_general
Dons de sang : l’Établissement français du sang tire la sonnette d’alarme avant l’été,"Thu, 10 Jun 2021 17:48:41 +0200",https://www.lavoixdunord.fr/1024139/article/2021-06-10/dons-de-sang-l-etablissement-francais-du-sang-tire-l-alarme-avant-l-ete
La Voix vous répond : est-il vrai que le RN peut gagner les élections régionales ?,"Fri, 11 Jun 2021 10:53:33 +0200",https://www.lavoixdunord.fr/1024678/article/2021-06-11/la-voix-vous-repond-est-il-vrai-que-le-rn-peut-gagner-les-elections-regionales
La liste des brocantes du week-end des 12 et 13 juin dans le Nord et le Pas-de-Calais,"Thu, 10 Jun 2021 11:17:01 +0200",https://www.lavoixdunord.fr/1023902/article/2021-06-10/les-brocantes-des-12-et-13-juin-dans-le-nord-et-le-pas-de-calais
DIRECT. Covid-19: y a-t-il trop de doses ou moins de candidats à la vaccination?,"Fri, 11 Jun 2021 06:30:50 +0200",https://www.lavoixdunord.fr/1024627/article/2021-06-11/direct-covid-19-30-des-europeens-ont-recu-une-premiere-injection-insuffisant
Saint-Quentin: l’homme qui s’était immolé par le feu est décédé,"Fri, 11 Jun 2021 13:03:15 +0200",https://www.lavoixdunord.fr/1024740/article/2021-06-11/saint-quentin-l-homme-qui-s-etait-immole-par-le-feu-est-decede
"Lille: dénoncée par les réseaux sociaux, une adolescente de 14 ans violemment frappée par son frère","Fri, 11 Jun 2021 11:39:39 +0200",https://www.lavoixdunord.fr/1024699/article/2021-06-11/lille-denoncee-par-les-reseaux-sociaux-une-adolescente-de-14-ans-violemment
"Un camp démantelé dans le centre-ville de Calais, 48 migrants emmenés dans des bus","Fri, 11 Jun 2021 08:50:05 +0200",https://www.lavoixdunord.fr/1024636/article/2021-06-11/un-nouveau-camp-de-migrants-demanteles-dans-le-centre-ville-de-calais
"À Petite-Forêt, les parents d’une autiste désemparés devant les choix de l’ARS","Thu, 10 Jun 2021 16:21:01 +0200",https://www.lavoixdunord.fr/1024067/article/2021-06-10/petite-foret-les-parents-d-une-autiste-desempares-devant-les-choix-de-l-ars
"Emmanuel Macron giflé : «J’ai flippé», qui est ce Lillois qui a diffusé la vidéo sur Twitter?","Thu, 10 Jun 2021 19:22:15 +0200",https://www.lavoixdunord.fr/1024206/article/2021-06-10/emmanuel-macron-gifle-j-ai-flippe-qui-est-ce-lillois-qui-diffuse-la-video-sur
"Au Touquet, l’Aqualud sur le point d’être vendu","Thu, 10 Jun 2021 12:48:30 +0200",https://www.lavoixdunord.fr/1023957/article/2021-06-10/au-touquet-l-aqualud-serait-sur-le-point-d-etre-vendu
Métropole lilloise: d’importantes perturbations sur le réseau des bus Ilévia ce vendredi,"Fri, 11 Jun 2021 10:48:23 +0200",https://www.lavoixdunord.fr/1024676/article/2021-06-11/lille-d-importantes-perturbations-sur-le-reseau-des-bus-ilevia-ce-vendredi
"Maubeuge : un motard tué dans un accident, un chauffard en fuite","Fri, 11 Jun 2021 07:26:55 +0200",https://www.lavoixdunord.fr/1024628/article/2021-06-11/maubeuge-un-motard-perd-la-vie-la-route-de-mons-coupee-la-circulation
Régionales et départementales: sept questions pour tout comprendre aux élections,"Fri, 11 Jun 2021 10:32:26 +0200",https://www.lavoixdunord.fr/1024665/article/2021-06-11/regionales-et-departementales-sept-questions-pour-tout-comprendre-aux-elections
Croix d’Anzin: le féminicide aurait-il pu être évité grâce à ce numéro méconnu?,"Thu, 10 Jun 2021 17:37:13 +0200",https://www.lavoixdunord.fr/1024132/article/2021-06-10/croix-d-anzin-le-feminicide-aurait-il-pu-etre-evite-grace-ce-numero-meconnu
Anzin: un enfant grièvement blessé après une chute de plusieurs mètres,"Thu, 10 Jun 2021 23:47:06 +0200",https://www.lavoixdunord.fr/1024247/article/2021-06-10/anzin-un-enfant-grievement-blesse-apres-avoir-traverse-le-toit-des-ateliers
Hesdin L’Abbé: le directeur financier de la Charlotte avait détourné près d’un million d’euros,"Thu, 10 Jun 2021 20:44:50 +0200",https://www.lavoixdunord.fr/1024239/article/2021-06-10/hesdin-l-abbe-le-directeur-financier-de-la-charlotte-avait-detourne-pres-d-un
Séries Mania Lille: la série «Trauma» reçoit le prix Vidocq 2020,"Thu, 10 Jun 2021 19:25:21 +0200",https://www.lavoixdunord.fr/1024211/article/2021-06-10/series-mania-lille-la-serie-trauma-recoit-le-prix-vidocq-2020
"Villeneuve-d’Ascq: une résidence étudiante de Cité Scientifique réhabilitée, la rentrée s’annonce tendue","Thu, 10 Jun 2021 19:24:49 +0200",https://www.lavoixdunord.fr/1024209/article/2021-06-10/villeneuve-d-ascq-la-cite-scientifique-se-debarrasse-de-sa-derniere-verrue
Météo : un week-end estival avant le retour probable des orages,"Thu, 10 Jun 2021 16:17:08 +0200",https://www.lavoixdunord.fr/1024065/article/2021-06-10/meteo-un-week-end-estival-avant-le-retour-probable-des-orages
Panne des numéros d’urgence: Orange publie ce vendredi les résultats de son enquête interne,"Fri, 11 Jun 2021 08:02:54 +0200",https://www.lavoixdunord.fr/1024631/article/2021-06-11/panne-des-numeros-d-urgence-orange-publie-ce-vendredi-les-resultats-de-son
